"id","label","marksize","visible","z","lat","lon"
"32.059_49.444","[[Cherkasy]]","20","TRUE",99,"49.444","32.059"
"31.995_49.416","[[Cherkasy International Airport]]","10","TRUE",99,"49.416","31.995"
"31.458_49.293","[[Horodyshche]]","10","TRUE",99,"49.293","31.458"
"32.100_49.033","[[Kamianka, Cherkasy ]]","10","TRUE",99,"49.033","32.100"
"31.467_49.750","[[Kaniv]]","12","TRUE",99,"49.750","31.467"
"29.967_48.800","[[Khrystynivka]]","10","TRUE",99,"48.800","29.967"
"31.283_49.483","[[Korsun-Shevchenkivskyi]]","10","TRUE",99,"49.483","31.283"
"31.392_49.000","[[Shpola]]","10","TRUE",99,"49.000","31.392"
"31.873_49.212","[[Smila]]","14","TRUE",99,"49.212","31.873"
"30.704_48.889","[[Talne]]","10","TRUE",99,"48.889","30.704"
"30.217_48.750","[[Uman]]","16","TRUE",99,"48.750","30.217"
"31.071_49.012","[[Vatutine]]","10","TRUE",99,"49.012","31.071"
"30.111_49.236","[[Zhashkiv]]","10","TRUE",99,"49.236","30.111"
"32.033_49.667","[[Zolotonosha]]","12","TRUE",99,"49.667","32.033"
"30.968_49.070","[[Zvenyhorodka]]","10","TRUE",99,"49.070","30.968"
"32.830_51.183","[[Bakhmach]]","10","TRUE",99,"51.183","32.830"
"31.289_51.492","[[Chernihiv]]","20","TRUE",99,"51.492","31.289"
"31.160_51.403","[[Chernihiv Shestovytsia Airport]]","10","TRUE",99,"51.403","31.160"
"31.595_51.893","[[Horodnia]]","10","TRUE",99,"51.893","31.595"
"32.400_50.850","[[Ichnia]]","10","TRUE",99,"50.850","32.400"
"32.250_51.783","[[Koriukivka]]","10","TRUE",99,"51.783","32.250"
"31.083_51.799","[[Ripky]]","10","TRUE",99,"51.799","31.083"
"32.217_51.517","[[Mena, Ukraine]]","10","TRUE",99,"51.517","32.217"
"31.886_51.038","[[Nizhyn]]","14","TRUE",99,"51.038","31.886"
"31.581_50.930","[[Nosivka]]","10","TRUE",99,"50.930","31.581"
"33.267_51.983","[[Novhorod-Siverskyi]]","10","TRUE",99,"51.983","33.267"
"32.386_50.589","[[Pryluky]]","14","TRUE",99,"50.589","32.386"
"32.577_52.175","[[Semenivka, Chernihiv |Semenivka]]","14","TRUE",99,"52.175","32.577"
"31.950_51.820","[[Snovsk]]","14","TRUE",99,"51.820","31.950"
"32.499_51.531","[[Sosnytsia]]","14","TRUE",99,"51.531","32.499"
"25.933_48.300","[[Chernivtsi]]","20","TRUE",99,"48.300","25.933"
"25.981_48.259","[[Chernivtsi International Airport]]","10","TRUE",99,"48.259","25.981"
"25.717_48.167","[[Storozhynets]]","10","TRUE",99,"48.167","25.717"
"33.717_47.659","[[Apostolove]]","10","TRUE",99,"47.659","33.717"
"35.040_48.467","[[Dnipro]]","24","TRUE",99,"48.467","35.040"
"35.101_48.357","[[Dnipro International Airport]]","12","TRUE",99,"48.357","35.101"
"34.616_48.516","[[Kamianske]]","20","TRUE",99,"48.516","34.616"
"33.350_47.900","[[Kryvyi Rih]]","24","TRUE",99,"47.900","33.350"
"33.207_48.043","[[Kryvyi Rih International Airport]]","12","TRUE",99,"48.043","33.207"
"34.604_47.645","[[Marhanets]]","12","TRUE",99,"47.645","34.604"
"34.400_47.566","[[Nikopol, Ukraine|Nikopol]]","16","TRUE",99,"47.566","34.400"
"35.217_48.633","[[Novomoskovsk, Ukraine]]","14","TRUE",99,"48.633","35.217"
"35.866_48.516","[[Pavlohrad]]","16","TRUE",99,"48.516","35.866"
"36.402_48.348","[[Pershotravensk]]","10","TRUE",99,"48.348","36.402"
"33.703_48.413","[[Piatykhatky, Dnipropetrovsk ]]","10","TRUE",99,"48.413","33.703"
"35.102_48.575","[[Pidhorodne]]","10","TRUE",99,"48.575","35.102"
"34.050_47.667","[[Pokrov, Ukraine]]","12","TRUE",99,"47.667","34.050"
"35.512_48.318","[[Synelnykove]]","12","TRUE",99,"48.318","35.512"
"36.000_48.517","[[Ternivka]]","12","TRUE",99,"48.517","36.000"
"34.328_48.656","[[Verkhnodniprovsk]]","10","TRUE",99,"48.656","34.328"
"34.028_48.478","[[Vilnohirsk]]","12","TRUE",99,"48.478","34.028"
"33.646_47.566","[[Zelenodolsk]]","10","TRUE",99,"47.566","33.646"
"33.500_48.350","[[Zhovti Vody]]","12","TRUE",99,"48.350","33.500"
"38.080_48.591","[[Bakhmut]]","14","TRUE",99,"48.591","38.080"
"37.805_48.003","[[Donetsk]]","24","TRUE",99,"48.003","37.805"
"38.050_48.300","[[Horlivka]]","20","TRUE",99,"48.300","38.050"
"37.583_48.739","[[Kramatorsk]]","16","TRUE",99,"48.739","37.583"
"38.066_48.083","[[Makiivka]]","20","TRUE",99,"48.083","38.066"
"37.553_47.090","[[Mariupol]]","20","TRUE",99,"47.090","37.553"
"38.082_47.111","[[Novoazovsk]]","10","TRUE",99,"47.111","38.082"
"37.625_48.853","[[Sloviansk]]","16","TRUE",99,"48.853","37.625"
"38.200_48.216","[[Yenakiieve]]","14","TRUE",99,"48.216","38.200"
"24.628_49.258","[[Burshtyn]]","10","TRUE",99,"49.258","24.628"
"24.011_48.971","[[Dolyna]]","12","TRUE",99,"48.971","24.011"
"24.710_48.922","[[Ivano]]","20","TRUE",99,"48.922","24.710"
"24.686_48.884","[[Ivano International Airport]]","10","TRUE",99,"48.884","24.686"
"24.360_49.044","[[Kalush, Ukraine]]","14","TRUE",99,"49.044","24.360"
"25.040_48.531","[[Kolomyia]]","14","TRUE",99,"48.531","25.040"
"25.126_48.529","[[Kolomyia (air base)]]","7","TRUE",99,"48.529","25.126"
"24.583_48.633","[[Nadvirna]]","12","TRUE",99,"48.633","24.583"
"36.859_49.464","[[Balakliia]]","12","TRUE",99,"49.464","36.859"
"35.540_50.164","[[Bohodukhiv]]","10","TRUE",99,"50.164","35.540"
"36.681_49.836","[[Chuhuiv]]","12","TRUE",99,"49.836","36.681"
"36.116_50.116","[[Derhachi]]","10","TRUE",99,"50.116","36.116"
"37.666_49.850","[[Dvorichna]]","6","TRUE",99,"49.850","37.666"
"37.267_49.212","[[Izium]]","12","TRUE",99,"49.212","37.267"
"36.230_49.994","[[Kharkiv]]","28","TRUE",99,"49.994","36.230"
"37.681_49.630","[[Kivsharivka]]","10","TRUE",99,"49.630","37.681"
"36.185_50.337","[[Kozacha Lopan]]","8","TRUE",99,"50.337","36.185"
"35.461_49.373","[[Krasnohrad]]","12","TRUE",99,"49.373","35.461"
"37.583_49.716","[[Kupiansk]]","12","TRUE",99,"49.716","37.583"
"35.941_49.951","[[Liubotyn]]","12","TRUE",99,"49.951","35.941"
"36.308_48.890","[[Lozova]]","14","TRUE",99,"48.890","36.308"
"36.050_49.806","[[Merefa]]","12","TRUE",99,"49.806","36.050"
"35.867_49.722","[[Nova Vodolaha]]","10","TRUE",99,"49.722","35.867"
"36.216_49.395","[[Pervomaiskyi]]","12","TRUE",99,"49.395","36.216"
"36.097_49.954","[[Pisochyn]]","12","TRUE",99,"49.954","36.097"
"36.159_50.212","[[Slatyne]]","8","TRUE",99,"50.212","36.159"
"36.529_49.594","[[Slobozhanske, Chuhuiv Raion, Kharkiv |Slobozhanske]]","10","TRUE",99,"49.594","36.529"
"36.049_49.995","[[Solonytsivka]]","10","TRUE",99,"49.995","36.049"
"36.933_50.284","[[Vovchansk]]","10","TRUE",99,"50.284","36.933"
"36.360_49.694","[[Zmiiv]]","10","TRUE",99,"49.694","36.360"
"35.976_50.269","[[Zolochiv, Kharkiv |Zolochiv]]","8","TRUE",99,"50.269","35.976"
"34.872_46.457","[[Askania-Nova (urban-type settlement)|Askania-Nova]]","6","TRUE",99,"46.457","34.872"
"33.146_46.422","[[Brylivka, Kherson |Brylivka]]","6","TRUE",99,"46.422","33.146"
"33.533_46.362","[[Chaplynka]]","8","TRUE",99,"46.362","33.533"
"34.806_46.175","[[Henichesk]]","10","TRUE",99,"46.175","34.806"
"33.730_47.005","[[Hornostaivka, Kakhovka Raion, Kherson |Hornostaivka]]","8","TRUE",99,"47.005","33.730"
"34.546_46.715","[[Ivanivka, Kherson |Ivanivka]]","6","TRUE",99,"46.715","34.546"
"33.370_46.779","[[Kakhovka Hydroelectric Power Plant]]","8","TRUE",99,"46.779","33.370"
"33.299_46.256","[[Kalanchak]]","8","TRUE",99,"46.256","33.299"
"32.613_46.642","[[Kherson]]","20","TRUE",99,"46.642","32.613"
"32.530_46.077","[[Lazurne (urban-type settlement)|Lazurne]]","6","TRUE",99,"46.077","32.530"
"33.367_46.753","[[Nova Kakhovka]]","12","TRUE",99,"46.753","33.367"
"33.230_46.596","[[Nova Maiachka]]","8","TRUE",99,"46.596","33.230"
"32.735_46.680","[[Antonivka, Kherson Raion, Kherson |Antonivka]]","8","TRUE",99,"46.680","32.735"
"34.336_46.352","[[Novotroitske]]","10","TRUE",99,"46.352","34.336"
"33.917_47.498","[[Novovorontsovka]]","8","TRUE",99,"47.498","33.917"
"34.380_46.849","[[Nyzhni Sirohozy]]","6","TRUE",99,"46.849","34.380"
"32.583_46.633","[[Oleshky]]","12","TRUE",99,"46.633","32.583"
"34.752_46.336","[[Rykove]]","6","TRUE",99,"46.336","34.752"
"32.910_46.115","[[Skadovsk]]","10","TRUE",99,"46.115","32.910"
"34.549_46.384","[[Syvaske]]","6","TRUE",99,"46.384","34.549"
"33.937_47.163","[[Velyka Lepetykha]]","8","TRUE",99,"47.163","33.937"
"33.303_47.321","[[Velyka Oleksandrivka]]","8","TRUE",99,"47.321","33.303"
"34.341_47.253","[[Verkhnii Rohachyk]]","8","TRUE",99,"47.253","34.341"
"34.752_46.330","[[Rykove]]","10","TRUE",99,"46.330","34.752"
"32.452_46.455","[[Nova Zburivka]]","6","TRUE",99,"46.455","32.452"
"26.583_48.683","[[Kamianets-Podilskyi]]","14","TRUE",99,"48.683","26.583"
"27.000_49.416","[[Khmelnytskyi, Ukraine|Khmelnytskyi]]","20","TRUE",99,"49.416","27.000"
"30.523_50.450","[[Kyiv]]","35","TRUE",99,"50.450","30.523"
"30.451_50.401","[[Kyiv Airport]]","12","TRUE",99,"50.401","30.451"
"31.319_50.351","[[Baryshivka]]","10","TRUE",99,"50.351","31.319"
"31.464_50.307","[[Berezan, Kyiv |Berezan]]","10","TRUE",99,"50.307","31.464"
"30.115_49.798","[[Bila Tserkva]]","20","TRUE",99,"49.798","30.115"
"30.877_49.541","[[Bohuslav]]","10","TRUE",99,"49.541","30.877"
"29.915_50.645","[[Borodianka]]","10","TRUE",99,"50.645","29.915"
"30.956_50.348","[[Boryspil]]","14","TRUE",99,"50.348","30.956"
"30.893_50.344","[[Boryspil International Airport]]","12","TRUE",99,"50.344","30.893"
"30.298_50.317","[[Boyarka]]","12","TRUE",99,"50.317","30.298"
"30.817_50.517","[[Brovary]]","16","TRUE",99,"50.517","30.817"
"30.214_50.553","[[Bucha, Kyiv |Bucha]]","12","TRUE",99,"50.553","30.214"
"30.222_51.276","[[Chernobyl]]","10","TRUE",99,"51.276","30.222"
"30.099_51.389","[[Chernobyl Nuclear Power Plant]]","12","TRUE",99,"51.389","30.099"
"30.308_50.784","[[Dymer, Kyiv |Dymer]]","8","TRUE",99,"50.784","30.308"
"29.905_50.064","[[Fastiv]]","12","TRUE",99,"50.064","29.905"
"30.265_50.569","[[Hostomel]]","10","TRUE",99,"50.569","30.265"
"30.191_50.603","[[Hostomel Airport]]","12","TRUE",99,"50.603","30.191"
"30.240_50.519","[[Irpin]]","14","TRUE",99,"50.519","30.240"
"29.901_50.934","[[Ivankiv]]","10","TRUE",99,"50.934","29.901"
"30.819_49.862","[[Kaharlyk]]","10","TRUE",99,"49.862","30.819"
"29.656_51.074","[[Krasiatychi]]","6","TRUE",99,"51.074","29.656"
"30.333_50.488","[[Kotsiubynske]]","10","TRUE",99,"50.488","30.333"
"30.990_49.665","[[Myronivka]]","10","TRUE",99,"49.665","30.990"
"30.630_50.110","[[Obukhiv]]","12","TRUE",99,"50.110","30.630"
"31.450_50.072","[[Pereiaslav]]","12","TRUE",99,"50.072","31.450"
"30.478_49.691","[[Rokytne, Kyiv |Rokytne]]","10","TRUE",99,"49.691","30.478"
"29.664_49.733","[[Skvyra]]","10","TRUE",99,"49.733","29.664"
"30.746_51.522","[[Slavutych]]","12","TRUE",99,"51.522","30.746"
"29.658_49.366","[[Tetiiv]]","10","TRUE",99,"49.366","29.658"
"30.737_50.138","[[Ukrainka, Kyiv |Ukrainka]]","10","TRUE",99,"50.138","30.737"
"30.405_49.825","[[Uzyn]]","10","TRUE",99,"49.825","30.405"
"30.320_50.177","[[Vasylkiv]]","12","TRUE",99,"50.177","30.320"
"30.486_50.583","[[Vyshhorod]]","12","TRUE",99,"50.583","30.486"
"30.368_50.392","[[Vyshneve ()|Vyshneve]]","12","TRUE",99,"50.392","30.368"
"31.782_50.257","[[Yahotyn]]","10","TRUE",99,"50.257","31.782"
"32.266_48.500","[[Kropyvnytskyi]]","20","TRUE",99,"48.500","32.266"
"33.116_48.666","[[Oleksandriia]]","14","TRUE",99,"48.666","33.116"
"38.797_48.477","[[Alchevsk]]","16","TRUE",99,"48.477","38.797"
"38.933_48.133","[[Krasnyi Luch]]","14","TRUE",99,"48.133","38.933"
"39.333_48.567","[[Luhansk]]","20","TRUE",99,"48.567","39.333"
"39.260_48.746","[[Luhansk power station]]","12","TRUE",99,"48.746","39.260"
"38.400_48.916","[[Lysychansk]]","14","TRUE",99,"48.916","38.400"
"39.233_48.733","[[Shchastia]]","10","TRUE",99,"48.733","39.233"
"38.488_48.949","[[Sievierodonetsk]]","16","TRUE",99,"48.949","38.488"
"38.658_48.568","[[Stakhanov, Ukraine|Stakhanov]]","14","TRUE",99,"48.568","38.658"
"24.014_49.830","[[Lviv]]","24","TRUE",99,"49.830","24.014"
"23.500_49.350","[[Drohobych]]","14","TRUE",99,"49.350","23.500"
"32.000_46.967","[[Mykolaiv]]","20","TRUE",99,"46.967","32.000"
"30.735_46.467","[[Odessa]]","28","TRUE",99,"46.467","30.735"
"30.204_45.255","[[Snake Island (Black Sea)|Snake Island]]","6","TRUE",99,"45.255","30.204"
"33.416_49.066","[[Kremenchuk]]","20","TRUE",99,"49.066","33.416"
"34.551_49.589","[[Poltava]]","20","TRUE",99,"49.589","34.551"
"32.999_50.016","[[Lubny]]","12","TRUE",99,"50.016","32.999"
"26.250_50.616","[[Rivne]]","20","TRUE",99,"50.616","26.250"
"32.883_51.350","[[Baturyn]]","6","TRUE",99,"51.350","32.883"
"34.318_51.149","[[Bilopillia]]","10","TRUE",99,"51.149","34.318"
"33.826_51.195","[[Buryn]]","8","TRUE",99,"51.195","33.826"
"33.912_51.678","[[Hlukhiv]]","12","TRUE",99,"51.678","33.912"
"34.772_51.077","[[Khotin, Sumy |Khotin]]","6","TRUE",99,"51.077","34.772"
"33.200_51.216","[[Konotop]]","14","TRUE",99,"51.216","33.200"
"35.268_50.767","[[Krasnopillia]]","8","TRUE",99,"50.767","35.268"
"33.386_51.549","[[Krolevets]]","12","TRUE",99,"51.549","33.386"
"34.491_50.584","[[Lebedyn]]","12","TRUE",99,"50.584","34.491"
"33.793_50.569","[[Lypova Dolyna]]","8","TRUE",99,"50.569","33.793"
"33.882_50.831","[[Nedryhailiv]]","8","TRUE",99,"50.831","33.882"
"34.901_50.315","[[Okhtyrka]]","12","TRUE",99,"50.315","34.901"
"33.940_51.548","Peremoha","6","TRUE",99,"51.548","33.940"
"33.866_51.316","[[Putyvl]]","10","TRUE",99,"51.316","33.866"
"33.481_50.742","[[Romny]]","12","TRUE",99,"50.742","33.481"
"34.041_52.184","[[Seredyna-Buda]]","8","TRUE",99,"52.184","34.041"
"33.497_51.876","[[Shostka]]","14","TRUE",99,"51.876","33.497"
"34.632_50.940","[[Stepanivka, Sumy |Stepanivka]]","8","TRUE",99,"50.940","34.632"
"34.796_50.908","[[Sumy]]","20","TRUE",99,"50.908","34.796"
"33.935_51.946","[[Svesa]]","8","TRUE",99,"51.946","33.935"
"34.965_50.481","[[Trostianets]]","10","TRUE",99,"50.481","34.965"
"35.481_50.420","[[Velyka Pysarivka]]","6","TRUE",99,"50.420","35.481"
"33.472_51.771","[[Voronizh]]","8","TRUE",99,"51.771","33.472"
"34.219_51.173","[[Vorozhba]]","8","TRUE",99,"51.173","34.219"
"25.600_49.566","[[Ternopil]]","20","TRUE",99,"49.566","25.600"
"28.483_49.233","[[Vinnytsia]]","20","TRUE",99,"49.233","28.483"
"25.335_50.750","[[Lutsk]]","20","TRUE",99,"50.750","25.335"
"22.647_48.206","[[Berehove]]","12","TRUE",99,"48.206","22.647"
"23.298_48.181","[[Khust]]","12","TRUE",99,"48.181","23.298"
"22.750_48.450","[[Mukachevo]]","14","TRUE",99,"48.450","22.750"
"22.683_48.400","[[Mukachevo (air base)]]","14","TRUE",99,"48.400","22.683"
"24.200_48.050","[[Rakhiv]]","10","TRUE",99,"48.050","24.200"
"22.986_48.547","[[Svaliava]]","10","TRUE",99,"48.547","22.986"
"22.295_48.623","[[Uzhhorod]]","16","TRUE",99,"48.623","22.295"
"22.263_48.634","[[Uzhhorod International Airport]]","16","TRUE",99,"48.634","22.263"
"23.025_48.150","[[Vynohradiv]]","12","TRUE",99,"48.150","23.025"
"36.784_46.759","[[Berdiansk]]","16","TRUE",99,"46.759","36.784"
"35.366_46.833","[[Melitopol]]","16","TRUE",99,"46.833","35.366"
"35.131_47.839","[[Zaporizhzhia]]","24","TRUE",99,"47.839","35.131"
"28.666_50.250","[[Zhytomyr]]","20","TRUE",99,"50.250","28.666"
"36.471_45.361","[[Kerch]]","16","TRUE",99,"45.361","36.471"
"33.533_44.600","[[Sevastopol]]","20","TRUE",99,"44.600","33.533"
"34.088_44.938","[[Simferopol]]","20","TRUE",99,"44.938","34.088"
"34.170_44.499","[[Yalta]]","14","TRUE",99,"44.499","34.170"
"33.368_45.193","[[Yevpatoria]]","16","TRUE",99,"45.193","33.368"
"31.386_50.744","[[Bobrovytsia]]","10","TRUE",99,"50.744","31.386"
"32.423_51.253","[[Borzna]]","8","TRUE",99,"51.253","32.423"
"30.753_50.928","[[Desna, Chernihiv |Desna]]","8","TRUE",99,"50.928","30.753"
"32.955_51.565","[[Korop]]","8","TRUE",99,"51.565","32.955"
"31.117_50.913","[[Kozelets]]","8","TRUE",99,"50.913","31.117"
"31.645_51.373","[[Kulykivka]]","8","TRUE",99,"51.373","31.645"
"32.580_51.520","[[Ladan (urban-type settlement)|Ladan]]","8","TRUE",99,"51.520","32.580"
"30.879_50.949","[[Oster]]","8","TRUE",99,"50.949","30.879"
"32.719_50.496","[[Varva, Chernihiv |Varva]]","8","TRUE",99,"50.496","32.719"
"36.624_49.539","[[Andriivka]]","8","TRUE",99,"49.539","36.624"
"36.193_49.899","[[Babai, Ukraine|Babai]]","8","TRUE",99,"49.899","36.193"
"37.018_48.902","[[Barvinkove]]","8","TRUE",99,"48.902","37.018"
"36.283_49.875","[[Bezliudivka]]","8","TRUE",99,"49.875","36.283"
"37.623_49.374","[[Borova, Kharkiv |Borova]]","8","TRUE",99,"49.374","37.623"
"36.012_49.893","[[Budy, Ukraine|Budy]]","8","TRUE",99,"49.893","36.012"
"36.572_49.508","[[Donets, Ukraine|Donets]]","8","TRUE",99,"49.508","36.572"
"36.592_49.795","[[Eskhar]]","8","TRUE",99,"49.795","36.592"
"35.723_49.290","[[Kehychivka]]","8","TRUE",99,"49.290","35.723"
"35.158_50.062","[[Krasnokutsk]]","8","TRUE",99,"50.062","35.158"
"36.320_49.138","[[Krasnopavlivka]]","8","TRUE",99,"49.138","36.320"
"37.650_49.661","[[Kupiansk-Vuzlovyi]]","8","TRUE",99,"49.661","37.650"
"36.163_50.072","[[Mala Danylivka]]","8","TRUE",99,"50.072","36.163"
"36.715_49.801","[[Malynivka, Kharkiv |Malynivka]]","8","TRUE",99,"49.801","36.715"
"36.279_48.939","[[Paniutyne]]","8","TRUE",99,"48.939","36.279"
"36.934_49.873","[[Pechenihy]]","8","TRUE",99,"49.873","36.934"
"35.976_50.030","[[Peresichne]]","8","TRUE",99,"50.030","35.976"
"36.067_49.879","[[Pivdenne]]","8","TRUE",99,"49.879","36.067"
"36.176_49.917","[[Pokotylivka]]","8","TRUE",99,"49.917","36.176"
"35.871_49.147","[[Sakhnovshchyna]]","8","TRUE",99,"49.147","35.871"
"37.064_49.397","[[Savyntsi]]","8","TRUE",99,"49.397","37.064"
"37.178_49.689","[[Shevchenkove, Shevchenkove settlement hromada, Kupiansk Raion, Kharkiv |Shevchenkove]]","8","TRUE",99,"49.689","37.178"
"35.621_49.839","[[Valky]]","8","TRUE",99,"49.839","35.621"
"36.324_49.834","[[Vasyshcheve]]","8","TRUE",99,"49.834","36.324"
"35.879_50.056","[[Vilshany]]","8","TRUE",99,"50.056","35.879"
"36.118_49.885","[[Vysokyi]]","8","TRUE",99,"49.885","36.118"
"30.102_50.176","[[Borova, Kyiv |Borova]]","8","TRUE",99,"50.176","30.102"
"30.422_50.339","[[Chabany]]","8","TRUE",99,"50.339","30.422"
"30.289_50.262","[[Hlevakha]]","8","TRUE",99,"50.262","30.289"
"30.178_49.955","[[Hrebinky]]","8","TRUE",99,"49.955","30.178"
"30.825_50.558","[[Kalynivka, Brovary Raion|Kalynivka]]","8","TRUE",99,"50.558","30.825"
"30.011_50.580","[[Klavdiievo-Tarasove]]","8","TRUE",99,"50.580","30.011"
"30.512_50.588","[[Kyiv Hydroelectric Power Plant]]","6","TRUE",99,"50.588","30.512"
"29.813_50.457","[[Makariv]]","8","TRUE",99,"50.457","29.813"
"30.089_50.564","[[Nemishaieve]]","8","TRUE",99,"50.564","30.089"
"29.599_50.696","[[Piskivka]]","8","TRUE",99,"50.696","29.599"
"31.043_49.966","[[Rzhyshchiv]]","8","TRUE",99,"49.966","31.043"
"30.199_49.391","[[Stavyshche]]","8","TRUE",99,"49.391","30.199"
"30.497_49.562","[[Tarashcha]]","8","TRUE",99,"49.562","30.497"
"30.911_50.586","[[Velyka Dymerka]]","8","TRUE",99,"50.586","30.911"
"29.920_49.527","[[Volodarka]]","8","TRUE",99,"49.527","29.920"
"30.149_50.544","[[Vorzel]]","8","TRUE",99,"50.544","30.149"
"38.924_49.277","[[Starobilsk]]","12","TRUE",99,"49.277","38.924"
"39.575_49.200","[[Bilovodsk]]","12","TRUE",99,"49.200","39.575"
"38.963_48.759","[[Trokhizbenka]]","10","TRUE",99,"48.759","38.963"
"33.572_51.632","Dubovychi","6","TRUE",99,"51.632","33.572"
"38.489_47.802","[[Amvrosiivka]]","10","TRUE",99,"47.802","38.489"
"37.749_48.137","[[Avdiivka]]","12","TRUE",99,"48.137","37.749"
"37.054_48.534","[[Bilozerske]]","10","TRUE",99,"48.534","37.054"
"37.835_48.589","[[Chasiv Yar]]","10","TRUE",99,"48.589","37.835"
"38.655_48.020","[[Chystiakove]]","14","TRUE",99,"48.020","38.655"
"38.406_48.334","[[Debaltseve]]","12","TRUE",99,"48.334","38.406"
"37.087_48.469","[[Dobropillia]]","12","TRUE",99,"48.469","37.087"
"37.677_47.758","[[Dokuchaievsk]]","12","TRUE",99,"47.758","37.677"
"37.726_48.075","[[Donetsk International Airport]]","15","TRUE",99,"48.075","37.726"
"37.527_48.616","[[Druzhkivka]]","14","TRUE",99,"48.616","37.527"
"38.030_48.307","[[Horlivka]]","20","TRUE",99,"48.307","38.030"
"37.370_48.054","[[Hirnyk, Donetsk |Hirnyk]]","10","TRUE",99,"48.054","37.370"
"38.196_47.926","[[Ilovaisk]]","10","TRUE",99,"47.926","38.196"
"38.139_48.043","[[Khartsyzk]]","14","TRUE",99,"48.043","38.139"
"38.359_48.155","[[Kirovske, Donetsk |Kirovske]]","12","TRUE",99,"48.155","38.359"
"37.630_48.710","[[Kramatorsk Airport]]","10","TRUE",99,"48.710","37.630"
"37.509_48.009","[[Krasnohorivka]]","10","TRUE",99,"48.009","37.509"
"38.076_47.667","[[Komsomolske, Donetsk |Komsomolske]]","10","TRUE",99,"47.667","38.076"
"37.708_48.524","[[Kostyantynivka]]","14","TRUE",99,"48.524","37.708"
"37.291_47.987","[[Kurakhove]]","10","TRUE",99,"47.987","37.291"
"37.805_48.990","[[Lyman, Ukraine|Lyman]]","12","TRUE",99,"48.990","37.805"
"37.456_47.073","[[Mariupol International Airport]]","12","TRUE",99,"47.073","37.456"
"38.067_47.875","[[Mospyne]]","10","TRUE",99,"47.875","38.067"
"37.347_48.321","[[Mykolaivka, Donetsk |Mykolaivka]]","10","TRUE",99,"48.321","37.347"
"37.270_48.296","[[Myrnohrad]]","12","TRUE",99,"48.296","37.270"
"37.337_48.205","[[Novohrodivka]]","10","TRUE",99,"48.205","37.337"
"38.165_48.117","Nyzhnia Krynka","10","TRUE",99,"48.117","38.165"
"38.606_48.094","Pelahiivka","10","TRUE",99,"48.094","38.606"
"37.185_48.282","[[Pokrovsk, Ukraine|Povrovsk]]","14","TRUE",99,"48.282","37.185"
"37.692_47.174","[[Sartana, Ukraine|Sartana]]","10","TRUE",99,"47.174","37.692"
"37.297_48.148","[[Selydove]]","12","TRUE",99,"48.148","37.297"
"38.451_48.049","[[Shakhtarsk]]","12","TRUE",99,"48.049","38.451"
"38.105_48.874","[[Siversk]]","10","TRUE",99,"48.874","38.105"
"38.766_48.028","[[Snizhne]]","12","TRUE",99,"48.028","38.766"
"38.099_48.677","[[Soledar]]","10","TRUE",99,"48.677","38.099"
"38.220_48.435","[[Svitlodarsk]]","10","TRUE",99,"48.435","38.220"
"37.855_48.397","[[Toretsk]]","12","TRUE",99,"48.397","37.855"
"37.363_48.097","[[Ukrainsk]]","10","TRUE",99,"48.097","37.363"
"37.483_47.595","[[Volnovakha]]","12","TRUE",99,"47.595","37.483"
"37.249_47.780","[[Vuhledar]]","10","TRUE",99,"47.780","37.249"
"37.877_48.122","[[Yasynuvata]]","12","TRUE",99,"48.122","37.877"
"38.208_48.237","[[Yenakiieve]]","14","TRUE",99,"48.237","38.208"
"38.273_48.223","[[Yunokomunarivsk]]","10","TRUE",99,"48.223","38.273"
"38.254_48.146","[[Zhdanivka]]","10","TRUE",99,"48.146","38.254"
"38.261_48.022","[[Zuhres]]","10","TRUE",99,"48.022","38.261"
"39.083_48.117","[[Antratsyt]]","14","TRUE",99,"48.117","39.083"
"38.742_48.440","[[Artemivsk]]","8","TRUE",99,"48.440","38.742"
"39.049_48.501","Bile","8","TRUE",99,"48.501","39.049"
"38.733_49.530","[[Bilokurakyne]]","8","TRUE",99,"49.530","38.733"
"39.590_49.209","[[Bilovodsk]]","8","TRUE",99,"49.209","39.590"
"38.564_48.871","Borivske","8","TRUE",99,"48.871","38.564"
"38.643_48.513","[[Brianka]]","12","TRUE",99,"48.513","38.643"
"39.797_48.073","[[Chervonopartyzansk]]","10","TRUE",99,"48.073","39.797"
"38.521_48.324","[[Chornukhyne]]","8","TRUE",99,"48.324","38.521"
"37.861_47.156","[[Dzerzhynske]]","8","TRUE",99,"47.156","37.861"
"39.255_48.426","Heorhiivka","8","TRUE",99,"48.426","39.255"
"38.494_48.742","[[Hirske]]","8","TRUE",99,"48.742","38.494"
"38.592_48.601","[[Irmino]]","8","TRUE",99,"48.601","38.592"
"38.942_48.235","Ivanivka","8","TRUE",99,"48.235","38.942"
"38.472_48.665","[[Katerynivka, Popasna Raion|Katerynivka]]","10","TRUE",99,"48.665","38.472"
"38.643_48.638","[[Kirovsk, Luhansk |Kirovsk]]","12","TRUE",99,"48.638","38.643"
"39.733_48.300","[[Krasnodon]]","12","TRUE",99,"48.300","39.733"
"38.217_49.050","[[Kreminna]]","10","TRUE",99,"49.050","38.217"
"39.059_48.074","Kripenskyi","8","TRUE",99,"48.074","39.059"
"39.375_48.418","[[Luhansk International Airport]]","12","TRUE",99,"48.418","39.375"
"39.210_48.402","[[Lutuhyne]]","10","TRUE",99,"48.402","39.210"
"38.443_48.907","[[Lysychansk]]","14","TRUE",99,"48.907","38.443"
"39.562_49.521","[[Markivka]]","8","TRUE",99,"49.521","39.562"
"40.142_49.376","[[Milove]]","8","TRUE",99,"49.376","40.142"
"39.658_48.344","[[Molodohvardiysk]]","12","TRUE",99,"48.344","39.658"
"39.006_48.972","[[Novoaidar]]","8","TRUE",99,"48.972","39.006"
"38.350_48.967","[[Novodruzhesk]]","8","TRUE",99,"48.967","38.350"
"39.120_48.534","[[Novopskov]]","8","TRUE",99,"48.534","39.120"
"39.183_48.583","[[Oleksandrivsk]]","8","TRUE",99,"48.583","39.183"
"38.817_48.433","[[Perevalsk]]","12","TRUE",99,"48.433","38.817"
"38.517_48.633","[[Pervomaisk]]","12","TRUE",99,"48.633","38.517"
"38.878_48.300","[[Petrovske]]","10","TRUE",99,"48.300","38.878"
"38.380_48.633","[[Popasna]]","10","TRUE",99,"48.633","38.380"
"38.300_49.007","[[Pryvillia]]","8","TRUE",99,"49.007","38.300"
"39.028_48.559","Rodakove","8","TRUE",99,"48.559","39.028"
"39.343_48.071","[[Rovenky]]","12","TRUE",99,"48.071","39.343"
"38.367_49.017","[[Rubizhne]]","14","TRUE",99,"49.017","38.367"
"38.483_48.950","[[Sieverodonetsk]]","16","TRUE",99,"48.950","38.483"
"38.540_48.900","[[Sieverodonetsk Airport]]","10","TRUE",99,"48.900","38.540"
"38.977_48.698","[[Slovianoserbsk]]","8","TRUE",99,"48.698","38.977"
"38.649_48.560","[[Stakhanov, Ukraine|Stakhanov]]","14","TRUE",99,"48.560","38.649"
"39.467_48.667","[[Stanytsia Luhanska]]","10","TRUE",99,"48.667","39.467"
"39.722_48.354","[[Sukhodilsk]]","12","TRUE",99,"48.354","39.722"
"38.162_49.409","[[Svatove]]","10","TRUE",99,"49.409","38.162"
"39.655_48.075","[[Sverdlovsk, Luhansk |Sverdlovsk]]","14","TRUE",99,"48.075","39.655"
"39.421_48.838","Teple","8","TRUE",99,"48.838","39.421"
"38.376_48.524","[[Troitske]]","8","TRUE",99,"48.524","38.376"
"39.153_48.391","[[Uspenka]]","8","TRUE",99,"48.391","39.153"
"38.839_48.161","[[Vakhrusheve]]","10","TRUE",99,"48.161","38.839"
"39.216_48.160","Yasenivskyi","8","TRUE",99,"48.160","39.216"
"38.515_48.693","[[Zolote]]","10","TRUE",99,"48.693","38.515"
"38.617_48.417","[[Zorynsk]]","8","TRUE",99,"48.417","38.617"
"38.933_48.583","[[Zymohiria]]","8","TRUE",99,"48.583","38.933"
"33.166_46.700","[[Yakymivka]]","8","TRUE",99,"46.700","33.166"
"36.350_46.733","[[Prymorsk]]","8","TRUE",99,"46.733","36.350"
"35.700_47.250","[[Tokmak, Ukraine|Tokmak]]","8","TRUE",99,"47.250","35.700"
"34.997_47.386","[[Dniprorudne]]","10","TRUE",99,"47.386","34.997"
"29.060_51.556","[[Vystupovychi]]","10","TRUE",99,"51.556","29.060"
"26.649_50.301","[[Khmelnytskyi Nuclear Power Plant]]","12","TRUE",99,"50.301","26.649"
"31.216_47.816","[[South Ukraine Nuclear Power Plant|Yuzhnoukrainsk Nuclear Power Station]]","12","TRUE",99,"47.816","31.216"
"25.891_51.327","[[Rivne Nuclear Power Plant]]","12","TRUE",99,"51.327","25.891"
"35.224_47.741","[[Balabyne]]","8","TRUE",99,"47.741","35.224"
"36.804_46.774","[[Berdiansk]]","16","TRUE",99,"46.774","36.804"
"36.653_47.363","[[Bilmak]]","8","TRUE",99,"47.363","36.653"
"36.211_47.188","[[Chernihivka]]","8","TRUE",99,"47.188","36.211"
"34.994_47.383","[[Dniprorudne]]","10","TRUE",99,"47.383","34.994"
"34.634_47.502","[[Enerhodar]]","14","TRUE",99,"47.502","34.634"
"36.273_47.661","[[Huliaipole]]","10","TRUE",99,"47.661","36.273"
"34.417_47.487","[[Kamianka-Dniprovska]]","10","TRUE",99,"47.487","34.417"
"35.533_47.713","[[Komyshuvakha, Zaporizhzhia |Komyshuvakha]]","8","TRUE",99,"47.713","35.533"
"35.215_47.710","[[Kushuhum]]","8","TRUE",99,"47.710","35.215"
"35.359_46.855","[[Melitopol]]","16","TRUE",99,"46.855","35.359"
"35.596_47.209","[[Molochansk]]","8","TRUE",99,"47.209","35.596"
"35.417_47.487","[[Mykhailivka, Mykhailivka Raion, Zaporizhzhia |Mykhailivka]]","10","TRUE",99,"47.487","35.417"
"35.910_47.977","[[Novomykolaivka, Zaporizhzhia |Komyshuvakha]]","8","TRUE",99,"47.977","35.910"
"35.788_47.566","[[Orikhiv]]","10","TRUE",99,"47.566","35.788"
"36.249_47.479","[[Polohy]]","10","TRUE",99,"47.479","36.249"
"35.638_46.739","[[Pryazovske]]","8","TRUE",99,"46.739","35.638"
"36.354_46.723","[[Prymorsk]]","10","TRUE",99,"46.723","36.354"
"35.218_47.259","[[Tokmak, Ukraine|Tokmak]]","12","TRUE",99,"47.259","35.218"
"35.287_47.442","[[Vasylivka]]","10","TRUE",99,"47.442","35.287"
"35.433_47.940","[[Vilniansk]]","10","TRUE",99,"47.940","35.433"
"34.909_47.019","[[Vesele, Zaporizhzhia |Vesele]]","8","TRUE",99,"47.019","34.909"
"35.165_46.698","[[Yakymivka]]","10","TRUE",99,"46.698","35.165"
"35.140_47.839","[[Zaporizhzhia]]","24","TRUE",99,"47.839","35.140"
"33.140_50.840","[[Talalaivka]]","6","TRUE",99,"50.840","33.140"
"34.586_47.512","[[Zaporizhzhia Nuclear Power Plant]]","12","TRUE",99,"47.512","34.586"
"31.471_49.766","[[Kaniv Hydroelectric Power Plant]]","10","TRUE",99,"49.766","31.471"
"33.250_49.077","[[Kremenchuk Hydroelectric Power Plant]]","10","TRUE",99,"49.077","33.250"
"35.086_47.869","[[Dnieper Hydroelectric Station]]","8","TRUE",99,"47.869","35.086"
"33.872_46.457","[[Askania-Nova (urban-type settlement)|Askania-Nova]]","6","TRUE",99,"46.457","33.872"
"33.427_46.843","[[Beryslav]]","10","TRUE",99,"46.843","33.427"
"32.441_46.627","[[Bilozerka]]","8","TRUE",99,"46.627","32.441"
"32.520_46.521","[[Hola Prystan]]","10","TRUE",99,"46.521","32.520"
"33.490_46.812","[[Kakhovka]]","12","TRUE",99,"46.812","33.490"
"32.504_46.627","[[Komyshany]]","8","TRUE",99,"46.627","32.504"
"33.570_46.807","[[Liubymivka]]","8","TRUE",99,"46.807","33.570"
"34.641_46.225","[[Novooleksiivka]]","10","TRUE",99,"46.225","34.641"
"32.707_46.620","[[Oleshky]]","12","TRUE",99,"46.620","32.707"
"33.422_46.753","[[Tavriisk]]","10","TRUE",99,"46.753","33.422"
"32.638_46.715","[[Zelenivka, Kherson |Zelenivka]]","8","TRUE",99,"46.715","32.638"
"31.316_47.912","[[Arbuzynka]]","8","TRUE",99,"47.912","31.316"
"31.441_47.410","[[Bashtanka]]","10","TRUE",99,"47.410","31.441"
"32.849_47.310","[[Bereznehuvate]]","8","TRUE",99,"47.310","32.849"
"31.577_47.868","[[Bratske]]","8","TRUE",99,"47.868","31.577"
"30.990_47.628","[[Domanivka]]","8","TRUE",99,"47.628","30.990"
"32.834_47.834","[[Kazanka, Ukraine|Kazanka]]","8","TRUE",99,"47.834","32.834"
"30.341_47.947","[[Kryve Ozero]]","8","TRUE",99,"47.947","30.341"
"31.995_46.975","[[Mykolaiv]]","20","TRUE",99,"46.975","31.995"
"31.788_47.309","[[Nova Odesa]]","10","TRUE",99,"47.309","31.788"
"32.504_47.697","[[Novyi Buh]]","10","TRUE",99,"47.697","32.504"
"31.539_46.619","[[Ochakiv]]","10","TRUE",99,"46.619","31.539"
"31.276_47.691","[[Oleksandrivka, Mykolaiv |Oleksandrivka]]","8","TRUE",99,"47.691","31.276"
"30.888_48.045","[[Pervomaisk, Mykolaiv |Pervomaisk]]","14","TRUE",99,"48.045","30.888"
"32.806_47.075","[[Snihurivka]]","10","TRUE",99,"47.075","32.806"
"31.238_47.356","[[Veselynove]]","8","TRUE",99,"47.356","31.238"
"31.336_47.561","[[Voznesensk]]","12","TRUE",99,"47.561","31.336"
"30.591_47.866","[[Vradiivka]]","8","TRUE",99,"47.866","30.591"
"31.184_47.823","[[Yuzhnoukrainsk]]","12","TRUE",99,"47.823","31.184"
"38.787_48.751","Krymske, Novoaidar Raion","6","TRUE",99,"48.751","38.787"
"35.315_47.866","[[Zaporizhzhia International Airport]]","16","TRUE",99,"47.866","35.315"
"29.022_50.031","[[Andrushivka]]","8","TRUE",99,"50.031","29.022"
"27.669_50.292","[[Baranivka ()|Baranivka]]","10","TRUE",99,"50.292","27.669"
"28.590_49.911","[[Berdychiv]]","14","TRUE",99,"49.911","28.590"
"28.674_50.454","[[Cherniakhiv, Zhytomyr |Cherniakhiv]]","8","TRUE",99,"50.454","28.674"
"28.118_50.056","[[Chudniv]]","8","TRUE",99,"50.056","28.118"
"27.317_50.811","[[Horodnytsia (urban-type settlement)|Horodnytsia]]","8","TRUE",99,"50.811","27.317"
"28.721_50.749","[[Irshansk]]","8","TRUE",99,"50.749","28.721"
"28.447_50.593","[[Khoroshiv]]","8","TRUE",99,"50.593","28.447"
"28.646_50.953","[[Korosten]]","14","TRUE",99,"50.953","28.646"
"29.054_50.317","[[Korostyshiv]]","12","TRUE",99,"50.317","29.054"
"29.261_50.770","[[Malyn]]","12","TRUE",99,"50.770","29.261"
"28.638_50.692","[[Nova Borova]]","8","TRUE",99,"50.692","28.638"
"27.636_50.586","[[Novohrad-Volynskyi]]","14","TRUE",99,"50.586","27.636"
"28.677_50.197","[[Novohuivynske]]","8","TRUE",99,"50.197","28.677"
"27.644_51.221","[[Olevsk]]","10","TRUE",99,"51.221","27.644"
"28.803_51.327","[[Ovruch]]","10","TRUE",99,"51.327","28.803"
"28.736_50.180","[[Ozerne, Zhytomyr |Ozerne]]","8","TRUE",99,"50.180","28.736"
"29.450_49.961","Popilnia","8","TRUE",99,"49.961","29.450"
"28.261_50.471","[[Pulyny]]","8","TRUE",99,"50.471","28.261"
"29.234_50.497","[[Radomyshl]]","10","TRUE",99,"50.497","29.234"
"27.935_50.154","[[Romaniv]]","8","TRUE",99,"50.154","27.935"
"27.804_50.875","[[Yemilchyne]]","8","TRUE",99,"50.875","27.804"
"28.659_50.255","[[Zhytomyr]]","20","TRUE",99,"50.255","28.659"
"32.502_46.668","[[Kherson International Airport]]","12","TRUE",99,"46.668","32.502"
"30.050_51.410","[[Pripyat]]","10","TRUE",99,"51.410","30.050"
"25.166_50.133","[[Brody Air Base]]","10","TRUE",99,"50.133","25.166"
"23.956_49.812","[[Lviv International Airport]]","12","TRUE",99,"49.812","23.956"
"32.096_46.941","[[Kulbakino Air Base]]","10","TRUE",99,"46.941","32.096"
"31.920_47.058","[[Mykolaiv International Airport]]","12","TRUE",99,"47.058","31.920"
"30.678_46.426","[[Odesa International Airport]]","12","TRUE",99,"46.426","30.678"
"30.744_46.503","[[Port of Odessa]]","12","TRUE",99,"46.503","30.744"
"28.738_50.158","[[Ozerne Air Base]]","10","TRUE",99,"50.158","28.738"
"34.398_44.667","[[Alushta]]","10","TRUE",99,"44.667","34.398"
"33.691_46.115","[[Armiansk]]","12","TRUE",99,"46.115","33.691"
"33.861_44.753","[[Bakhchysarai]]","12","TRUE",99,"44.753","33.861"
"34.602_45.054","[[Bilohirsk]]","10","TRUE",99,"45.054","34.602"
"32.702_45.502","[[Chornomorske]]","10","TRUE",99,"45.502","32.702"
"35.367_46.833","[[Drofino]]","6","TRUE",99,"46.833","35.367"
"34.393_45.709","[[Dzhankoi]]","12","TRUE",99,"45.709","34.393"
"35.379_45.049","[[Feodosia]]","14","TRUE",99,"45.049","35.379"
"33.600_44.600","[[Inkerman]]","10","TRUE",99,"44.600","33.600"
"36.401_45.372","[[Kerch Airport]]","10","TRUE",99,"45.372","36.401"
"35.205_45.224","[[Kirovske, Crimea|Kirovske]]","8","TRUE",99,"45.224","35.205"
"35.241_44.960","[[Koktebel]]","6","TRUE",99,"44.960","35.241"
"34.295_45.495","[[Krasnohvardiiske]]","10","TRUE",99,"45.495","34.295"
"35.075_44.924","[[Krasnokamianka (village)|Krasnokamianka]]","6","TRUE",99,"44.924","35.075"
"33.800_45.967","[[Krasnoperekopsk]]","12","TRUE",99,"45.967","33.800"
"35.774_45.298","[[Lenine, Crimea|Lenine]]","8","TRUE",99,"45.298","35.774"
"33.034_45.308","[[Myrnyi]]","6","TRUE",99,"45.308","33.034"
"33.595_45.093","[[Novofedorivka]]","8","TRUE",99,"45.093","33.595"
"33.118_45.386","[[Novoozerne]]","6","TRUE",99,"45.386","33.118"
"33.599_45.442","[[Novoselivske]]","6","TRUE",99,"45.442","33.599"
"34.913_44.829","[[Novyi Svit]]","6","TRUE",99,"44.829","34.913"
"34.741_45.444","[[Nyzhnohirskyi]]","8","TRUE",99,"45.444","34.741"
"34.127_45.291","[[Oktiabrske]]","10","TRUE",99,"45.291","34.127"
"34.340_44.576","[[Partenit]]","8","TRUE",99,"44.576","34.340"
"33.693_46.162","[[Perekop]]","6","TRUE",99,"46.162","33.693"
"33.858_45.716","[[Pervomaiske]]","8","TRUE",99,"45.716","33.858"
"35.481_45.117","[[Prymorskyi]]","6","TRUE",99,"45.117","35.481"
"33.488_45.770","[[Rozdolne]]","8","TRUE",99,"45.770","33.488"
"33.577_45.134","[[Saky]]","12","TRUE",99,"45.134","33.577"
"33.583_44.683","[[Sevastopol International Airport]]","12","TRUE",99,"44.683","33.583"
"34.933_45.347","[[Sovietskyi]]","10","TRUE",99,"45.347","34.933"
"33.974_45.052","[[Simferopol International Airport]]","12","TRUE",99,"45.052","33.974"
"35.089_45.029","[[Staryi Krym]]","8","TRUE",99,"45.029","35.089"
"34.972_44.851","[[Sudak]]","10","TRUE",99,"44.851","34.972"
"33.377_45.226","[[Yevpatoria Airport]]","10","TRUE",99,"45.226","33.377"
"34.061_44.919","[[Zavodskoe Airport]]","10","TRUE",99,"44.919","34.061"
"33.285_45.161","[[Zaozerne]]","6","TRUE",99,"45.161","33.285"
"31.317_51.550","[[Chernihiv Air Base]]","10","TRUE",99,"51.550","31.317"
"31.650_51.883","[[Horodnia Air Base]]","10","TRUE",99,"51.883","31.650"
"31.867_51.100","[[Nizhyn Air Base]]","12","TRUE",99,"51.100","31.867"
"32.317_50.567","[[Pryluky Air Base]]","12","TRUE",99,"50.567","32.317"
"37.634_48.767","[[Bilenke (urban-type settlement)|Bilenke]]","8","TRUE",99,"48.767","37.634"
"37.187_48.406","[[Bilytske]]","8","TRUE",99,"48.406","37.187"
"37.500_48.840","Bylbasivka","8","TRUE",99,"48.840","37.500"
"38.075_48.403","[[Holmivskyi]]","8","TRUE",99,"48.403","38.075"
"37.309_47.060","[[Manhush, Donetsk |Manhush]]","8","TRUE",99,"47.060","37.309"
"37.504_47.942","[[Marinka, Ukraine|Marinka]]","8","TRUE",99,"47.942","37.504"
"37.505_47.056","[[Port of Mariupol]]","12","TRUE",99,"47.056","37.505"
"38.273_48.459","Myronivskyi","8","TRUE",99,"48.459","38.273"
"37.841_48.333","[[New York (Ukraine)|New York]]","8","TRUE",99,"48.333","37.841"
"37.320_47.203","[[Nikolske]]","8","TRUE",99,"47.203","37.320"
"36.960_47.755","Novodonetske","8","TRUE",99,"47.755","36.960"
"36.980_48.634","[[Novotroitske, Donetsk |Novotroitske]]","8","TRUE",99,"48.634","36.980"
"38.022_47.809","Novyi Svit","8","TRUE",99,"47.809","38.022"
"37.616_48.580","Oleksijevo-Druzhkivka","8","TRUE",99,"48.580","37.616"
"37.976_48.203","[[Panteleimonivka (urban-type settlement)|Panteleimonivka]]","8","TRUE",99,"48.203","37.976"
"37.905_48.401","Pivnichne","8","TRUE",99,"48.401","37.905"
"38.563_48.129","Rozsypne","8","TRUE",99,"48.129","38.563"
"37.810_47.098","[[Shyrokyne]]","6","TRUE",99,"47.098","37.810"
"38.689_48.085","Sieverne","8","TRUE",99,"48.085","38.689"
"38.160_48.265","Sofiivka","8","TRUE",99,"48.265","38.160"
"38.025_47.753","[[Starobesheve]]","8","TRUE",99,"47.753","38.025"
"37.585_48.003","[[Staromykhailivka]]","8","TRUE",99,"48.003","37.585"
"37.486_47.159","Staryi Krym","8","TRUE",99,"47.159","37.486"
"36.845_47.836","[[Velyka Novosilka]]","8","TRUE",99,"47.836","36.845"
"37.378_47.736","Volodymyrivka","8","TRUE",99,"47.736","37.378"
"38.278_48.312","[[Vuhlehirsk]]","8","TRUE",99,"48.312","38.278"
"37.564_48.766","Yasnohirka","8","TRUE",99,"48.766","37.564"
"37.898_48.369","[[Zalizne]]","8","TRUE",99,"48.369","37.898"
"36.290_49.925","[[Kharkiv International Airport]]","12","TRUE",99,"49.925","36.290"
"36.267_50.025","[[Kharkiv North Airport]]","10","TRUE",99,"50.025","36.267"
"36.790_50.079","[[Staryi Saltiv]]","6","TRUE",99,"50.079","36.790"
"32.605_46.624","[[Port of Kherson]]","12","TRUE",99,"46.624","32.605"
"26.933_49.360","[[Khmelnytskyi Airport]]","10","TRUE",99,"49.360","26.933"
"27.272_49.748","[[Starokostiantyniv Air Base]]","10","TRUE",99,"49.748","27.272"
"30.385_50.478","[[Sviatoshyn Airfield]]","10","TRUE",99,"50.478","30.385"
"30.441_49.790","[[Uzyn (air base)]]","10","TRUE",99,"49.790","30.441"
"30.300_50.233","[[Vasylkiv Air Base]]","10","TRUE",99,"50.233","30.300"
"32.286_48.542","[[Kropyvnytskyi Airport=]]","10","TRUE",99,"48.542","32.286"
"23.668_49.738","[[Horodok Air Base]]","10","TRUE",99,"49.738","23.668"
"23.335_49.550","[[Kalyniv (airfield)]]","10","TRUE",99,"49.550","23.335"
"24.198_49.288","[[Liubsha Air Base]]","10","TRUE",99,"49.288","24.198"
"23.787_49.243","[[Stryi Air Base]]","10","TRUE",99,"49.243","23.787"
"32.441_47.410","[[Bashtanka]]","10","TRUE",99,"47.410","32.441"
"32.100_46.941","[[Kulbakino Air Base]]","10","TRUE",99,"46.941","32.100"
"32.000_46.975","[[Mykolaiv]]","20","TRUE",99,"46.975","32.000"
"31.998_46.940","Port of Mykolaiv","12","TRUE",99,"46.940","31.998"
"32.202_46.863","[[Shevchenkove]]","6","TRUE",99,"46.863","32.202"
"29.991_47.715","[[Ananiv]]","8","TRUE",99,"47.715","29.991"
"29.424_45.979","[[Artsyz]]","10","TRUE",99,"45.979","29.424"
"30.614_46.468","[[Avanhard, Odessa |Avanhard]]","8","TRUE",99,"46.468","30.614"
"29.629_47.937","[[Balta, Ukraine|Balta]]","10","TRUE",99,"47.937","29.629"
"30.916_47.204","[[Berezivka]]","8","TRUE",99,"47.204","30.916"
"30.342_46.186","[[Bilhorod-Dnistrovskyi]]","12","TRUE",99,"46.186","30.342"
"30.202_46.490","[[Bilyayivka]]","10","TRUE",99,"46.490","30.202"
"28.614_45.684","[[Bolhrad]]","10","TRUE",99,"45.684","28.614"
"30.648_46.295","[[Chornomorsk]]","14","TRUE",99,"46.295","30.648"
"30.945_46.585","[[Chornomorske, Odessa |Chornomorske]]","8","TRUE",99,"46.585","30.945"
"30.946_46.821","[[Dobroslav, Ukraine|Dobroslav]]","8","TRUE",99,"46.821","30.946"
"28.850_45.350","[[Izmail]]","14","TRUE",99,"45.350","28.850"
"28.801_45.396","[[Izmail International Airport]]","12","TRUE",99,"45.396","28.801"
"29.248_45.465","[[Kiliia]]","10","TRUE",99,"45.465","29.248"
"29.124_48.100","[[Kodyma]]","8","TRUE",99,"48.100","29.124"
"30.257_47.833","[[Liubashivka]]","8","TRUE",99,"47.833","30.257"
"29.974_46.679","[[Lymanske (urban-type settlement)|Lymanske]]","8","TRUE",99,"46.679","29.974"
"30.011_46.669","[[Lymanske International Airport]]","12","TRUE",99,"46.669","30.011"
"29.456_47.536","[[Okny]]","8","TRUE",99,"47.536","29.456"
"30.631_46.329","[[Oleksandrivka, Chornomorsk urban hromada, Odessa Raion, Odessa |Oleksandrivka]]","8","TRUE",99,"46.329","30.631"
"30.437_46.252","[[Ovidiopol]]","10","TRUE",99,"46.252","30.437"
"29.534_47.759","[[Podilsk]]","12","TRUE",99,"47.759","29.534"
"28.289_45.457","[[Reni, Ukraine|Reni]]","10","TRUE",99,"45.457","28.289"
"30.075_46.855","[[Rozdilna]]","10","TRUE",99,"46.855","30.075"
"30.077_48.135","[[Savran, Odessa |Savran]]","8","TRUE",99,"48.135","30.077"
"30.365_46.029","[[Serhiivka, Serhiivka settlement hromada, Bilhorod-Dnistrovskyi Raion, Odessa |Serhiivka]]","8","TRUE",99,"46.029","30.365"
"30.196_47.376","[[Shyriaieve]]","8","TRUE",99,"47.376","30.196"
"29.147_46.189","[[Tarutyne]]","8","TRUE",99,"46.189","29.147"
"29.615_45.839","[[Tatarbunary]]","10","TRUE",99,"45.839","29.615"
"30.328_46.503","[[Teplodar]]","10","TRUE",99,"46.503","30.328"
"29.851_47.082","[[Velyka Mykhailivka]]","8","TRUE",99,"47.082","29.851"
"30.567_46.343","[[Velykodolynske]]","10","TRUE",99,"46.343","30.567"
"29.596_45.400","[[Vylkove]]","8","TRUE",99,"45.400","29.596"
"31.100_46.624","[[Yuzhne]]","12","TRUE",99,"46.624","31.100"
"29.755_47.333","[[Zakharivka]]","8","TRUE",99,"47.333","29.755"
"30.457_46.067","[[Zatoka, Bilhorod-Dnistrovskyi Raion, Odessa |Zatoka]]","6","TRUE",99,"46.067","30.457"
"33.475_49.131","[[Kremenchuk Airport]]","10","TRUE",99,"49.131","33.475"
"33.639_49.931","[[Myrhorod Air Base]]","10","TRUE",99,"49.931","33.639"
"34.486_49.627","[[Poltava Air Base]]","10","TRUE",99,"49.627","34.486"
"34.399_49.574","[[Poltava International Airport]]","12","TRUE",99,"49.574","34.399"
"32.530_50.152","[[Pyriatyn Airport]]","10","TRUE",99,"50.152","32.530"
"26.142_50.607","[[Rivne International Airport]]","12","TRUE",99,"50.607","26.142"
"25.833_50.450","[[Dubno Air Base]]","10","TRUE",99,"50.450","25.833"
"34.050_51.850","[[Chervone-Pustohorod]]","10","TRUE",99,"51.850","34.050"
"25.700_49.525","[[Ternopil Airport]]","10","TRUE",99,"49.525","25.700"
"28.614_49.240","[[Havryshivka Vinnytsia International Airport]]","12","TRUE",99,"49.240","28.614"
"25.350_50.783","[[Lutsk Air Base]]","10","TRUE",99,"50.783","25.350"
"25.483_50.683","[[Lutsk Airport]]","10","TRUE",99,"50.683","25.483"
"24.450_50.917","[[Zhovtneve Air Base]]","10","TRUE",99,"50.917","24.450"
"36.758_46.815","[[Berdiansk Airport]]","10","TRUE",99,"46.815","36.758"
"35.307_46.876","[[Melitopol Air Base]]","10","TRUE",99,"46.876","35.307"
"36.245_45.407","[[Baherove (air base)]]","10","TRUE",99,"45.407","36.245"
"36.628_45.364","[[Port Krym]]","12","TRUE",99,"45.364","36.628"
"35.715_47.250","[[Tokmak, Ukraine|Tokmak]]","12","TRUE",99,"47.250","35.715"
"38.018_47.412","[[Telmanove]]","6","TRUE",99,"47.412","38.018"
"30.054_51.405","[[Pripyat]]","10","TRUE",99,"51.405","30.054"
"32.286_48.556","[[Kropyvnytskyi Airport=]]","10","TRUE",99,"48.556","32.286"
"23.940_49.812","[[Lviv International Airport]]","12","TRUE",99,"49.812","23.940"
"25.350_50.805","[[Lutsk Air Base]]","10","TRUE",99,"50.805","25.350"
"35.300_46.884","[[Melitopol Air Base]]","10","TRUE",99,"46.884","35.300"
"28.738_50.150","[[Ozerne Air Base]]","10","TRUE",99,"50.150","28.738"
"33.377_45.242","[[Yevpatoria Airport]]","10","TRUE",99,"45.242","33.377"
"34.040_44.900","[[Zavodskoe Airport]]","10","TRUE",99,"44.900","34.040"
"32.012_50.217","[[Bohdanivka]]","6","TRUE",99,"50.217","32.012"
"39.133_49.484","[[Novopskov]]","8","TRUE",99,"49.484","39.133"
"23.500_50.006","[[Yavoriv military base]]","12","TRUE",99,"50.006","23.500"
"22.708_48.378","[[Shipka (military base)]]","10","TRUE",99,"48.378","22.708"
"33.408_47.430","[[Arkhanhelske, Kherson |Arkhanhelske]]","6","TRUE",99,"47.430","33.408"
"33.721_47.661","[[Apostolove]]","10","TRUE",99,"47.661","33.721"
"34.530_47.626","[[Chervonohryhorivka]]","8","TRUE",99,"47.626","34.530"
"35.046_48.465","[[Dnipro]]","24","TRUE",99,"48.465","35.046"
"34.420_48.595","[[Dniprovske]]","8","TRUE",99,"48.595","34.420"
"35.259_48.810","[[Hubynykha]]","8","TRUE",99,"48.810","35.259"
"35.315_48.734","[[Hvardiiske, Dnipropetrovsk |Hvardiiske]]","8","TRUE",99,"48.734","35.315"
"35.277_48.403","[[Ilarionove]]","8","TRUE",99,"48.403","35.277"
"34.613_48.516","[[Kamianske]]","20","TRUE",99,"48.516","34.613"
"34.732_48.479","[[Karnaukhivka]]","8","TRUE",99,"48.479","34.732"
"33.392_47.911","[[Kryvyi Rih]]","24","TRUE",99,"47.911","33.392"
"34.912_48.911","[[Mahdalynivka]]","8","TRUE",99,"48.911","34.912"
"34.611_47.649","[[Marhanets]]","12","TRUE",99,"47.649","34.611"
"36.726_48.258","[[Mezhova]]","8","TRUE",99,"48.258","36.726"
"34.395_47.568","[[Nikopol, Ukraine|Nikopol]]","16","TRUE",99,"47.568","34.395"
"35.224_48.633","[[Novomoskovsk, Ukraine|Novomoskovsk]]","14","TRUE",99,"48.633","35.224"
"34.866_48.547","[[Obukhivka]]","8","TRUE",99,"48.547","34.866"
"35.903_48.529","[[Pavlohrad]]","16","TRUE",99,"48.529","35.903"
"35.364_49.014","[[Pereshchepyne]]","8","TRUE",99,"49.014","35.364"
"36.401_48.346","[[Pershotravensk]]","12","TRUE",99,"48.346","36.401"
"36.435_48.457","[[Petropavlivka, Dnipropetrovsk |Petropavlivka]]","8","TRUE",99,"48.457","36.435"
"33.694_48.412","[[Piatykhatky, Dnipropetrovsk |Piatykhatky]]","10","TRUE",99,"48.412","33.694"
"35.087_48.573","[[Pidhorodne]]","10","TRUE",99,"48.573","35.087"
"34.079_47.657","[[Pokrov, Ukraine|Pokrov]]","12","TRUE",99,"47.657","34.079"
"36.231_47.985","[[Pokrovske (urban-type settlement)|Pokrovske]]","8","TRUE",99,"47.985","36.231"
"33.268_47.693","[[Shyroke]]","8","TRUE",99,"47.693","33.268"
"35.074_48.534","[[Slobozhanske, Dnipropetrovsk |Slobozhanske]]","10","TRUE",99,"48.534","35.074"
"33.878_48.048","[[Sofiivka, Dnipropetrovsk |Sofiivka]]","8","TRUE",99,"48.048","33.878"
"34.873_48.204","[[Solone]]","8","TRUE",99,"48.204","34.873"
"35.521_48.323","[[Synelnykove]]","12","TRUE",99,"48.323","35.521"
"36.069_48.521","[[Ternivka]]","12","TRUE",99,"48.521","36.069"
"34.755_47.817","[[Tomakivka]]","8","TRUE",99,"47.817","34.755"
"34.470_48.947","[[Tsarychanka]]","8","TRUE",99,"48.947","34.470"
"36.023_48.206","[[Vasylkivka]]","10","TRUE",99,"48.206","36.023"
"34.253_48.484","[[Verkhivtseve]]","10","TRUE",99,"48.484","34.253"
"34.337_48.648","[[Verkhnodniprovsk]]","10","TRUE",99,"48.648","34.337"
"34.021_48.480","[[Vilnohirsk]]","12","TRUE",99,"48.480","34.021"
"33.647_47.566","[[Zelenodolsk, Ukraine|Zelenodolsk]]","10","TRUE",99,"47.566","33.647"
"33.525_48.344","[[Zhovti Vody]]","12","TRUE",99,"48.344","33.525"
"30.897_50.623","[[Bohdanivka]]","6","TRUE",99,"50.623","30.897"
"36.647_49.840","[[Chuhuiv Air Base]]","10","TRUE",99,"49.840","36.647"
"32.220_46.828","[[Luch]]","6","TRUE",99,"46.828","32.220"
"32.093_46.779","[[Prybuzke]]","6","TRUE",99,"46.779","32.093"
"32.141_46.825","[[Ukrainka]]","6","TRUE",99,"46.825","32.141"
"31.076_51.451","[[Mykhailo-Kotsiubynske]]","6","TRUE",99,"51.451","31.076"
"31.568_51.643","[[Sedniv]]","6","TRUE",99,"51.643","31.568"
"31.192_51.387","[[Shestovytsia]]","6","TRUE",99,"51.387","31.192"
"36.933_49.717","[[Chkalovske]]","6","TRUE",99,"49.717","36.933"
"32.207_46.360","[[Chulakivka]]","6","TRUE",99,"46.360","32.207"
"32.298_47.223","[[Dobra Krynytsya]]","6","TRUE",99,"47.223","32.298"
"33.532_47.494","[[Vysokopillia]]","6","TRUE",99,"47.494","33.532"
"30.044_50.418","[[Buzova, Kyiv-Sviatoshyn Raion|Buzova]]","6","TRUE",99,"50.418","30.044"
"29.387_51.241","[[Poliske]]","6","TRUE",99,"51.241","29.387"
"31.045_50.645","[[Shevchenkove, Brovary Raion, Kyiv ]]","6","TRUE",99,"50.645","31.045"
"37.388_50.049","[[Velykyi Burluk]]","6","TRUE",99,"50.049","37.388"
"34.762_50.858","[[Sumy Airport]]","12","TRUE",99,"50.858","34.762"
"37.611_48.243","[[Ocheretyne]]","6","TRUE",99,"48.243","37.611"
"32.263_46.805","[[Posad-Pokrovske]]","6","TRUE",99,"46.805","32.263"
"32.911_46.106","[[Port of Skadovsk]]","10","TRUE",99,"46.106","32.911"
"30.375_46.183","[[Port of Bilhorod-Dnistrovskyi]]","10","TRUE",99,"46.183","30.375"
"30.659_46.328","[[Port of Chornomorsk]]","10","TRUE",99,"46.328","30.659"
"30.479_50.464","[[Lukyanivka (neighborhood)|Lukyanivka]]","8","TRUE",99,"50.464","30.479"
"29.884_50.266","Byshiv","6","TRUE",99,"50.266","29.884"
"32.254_47.347","[[Pisky, Bashtanka Raion|Pisky]]","6","TRUE",99,"47.347","32.254"
"32.196_46.860","[[Shevchenkove, Shevchenkove rural hromada, Mykolaiv Raion, Mykolaiv |Shevchenkove]]","6","TRUE",99,"46.860","32.196"
"32.141_46.826","[[Ukrainka, Mykolaiv Raion, Mykolaiv |Ukrainka]]","6","TRUE",99,"46.826","32.141"
"32.263_47.191","[[Vynohradivka, Bashtanka Raion|Vynohradivka]]","6","TRUE",99,"47.191","32.263"
"34.000_50.367","[[Hadiach]]","12","TRUE",99,"50.367","34.000"
"33.250_49.390","[[Hlobyne]]","8","TRUE",99,"49.390","33.250"
"33.667_49.017","[[Horishni Plavni]]","14","TRUE",99,"49.017","33.667"
"32.417_50.117","[[Hrebinka]]","10","TRUE",99,"50.117","32.417"
"35.133_49.450","[[Karlivka]]","10","TRUE",99,"49.450","35.133"
"33.267_49.767","[[Khorol, Poltava |Khorol]]","10","TRUE",99,"49.767","33.267"
"34.200_49.133","[[Kobeliaky]]","8","TRUE",99,"49.133","34.200"
"33.272_50.360","[[Lokhvytsia]]","10","TRUE",99,"50.360","33.272"
"33.600_49.967","[[Myrhorod]]","12","TRUE",99,"49.967","33.600"
"32.533_50.250","[[Pyriatyn]]","10","TRUE",99,"50.250","32.533"
"33.383_50.383","[[Zavodske, Poltava |Zavodske]]","8","TRUE",99,"50.383","33.383"
"34.350_50.200","[[Zinkiv]]","8","TRUE",99,"50.200","34.350"
"31.533_50.567","[[Control of cities during the Russo-Ukrainian War#Nova Basan|Nova Basan]]","6","TRUE",99,"50.567","31.533"
"31.376_50.493","[[Control of cities during the Russo-Ukrainian War#Lukyanivka, Brovary Raion|Lukyanivka]]","6","TRUE",99,"50.493","31.376"
"30.913_50.626","[[Bohdanivka]]","6","TRUE",99,"50.626","30.913"
"31.672_50.597","[[Novyi Bykiv]]","6","TRUE",99,"50.597","31.672"
"31.391_51.386","Lukashivka","6","TRUE",99,"51.386","31.391"
"31.366_51.335","Sloboda","6","TRUE",99,"51.335","31.366"
"30.145_51.113","[[Dytiatky]]","6","TRUE",99,"51.113","30.145"
"30.252_51.071","[[Hornostaipil]]","6","TRUE",99,"51.071","30.252"
"33.922_47.546","Mar yans ke","6","TRUE",99,"47.546","33.922"
"37.215_49.041","Brazhkivka","6","TRUE",99,"49.041","37.215"
"37.319_49.018","Dovhenke","6","TRUE",99,"49.018","37.319"
"32.548_46.701","[[Chornobayivka]]","8","TRUE",99,"46.701","32.548"
"33.622_47.463","NA","6","TRUE",99,"47.463","33.622"
"33.601_47.428","NA","6","TRUE",99,"47.428","33.601"
"32.111_46.615","[[Control of cities during the Russo-Ukrainian War#Oleksandrivka (Kherson Raion)|Oleksandrivka]]","6","TRUE",99,"46.615","32.111"
"33.917_47.433","[[Control of cities during the Russo-Ukrainian War#Osokorivka, Kherson |Osokorivka]]","6","TRUE",99,"47.433","33.917"
"33.697_47.448","NA","6","TRUE",99,"47.448","33.697"
"37.218_47.754","Pavlivka","6","TRUE",99,"47.754","37.218"
"36.833_47.696","Staromlynivka","6","TRUE",99,"47.696","36.833"
"33.824_47.384","Khreshchenivka","6","TRUE",99,"47.384","33.824"
